id,first_name,last_name,email,gender,date_of_birth
1,Kimberlee,Chrichton,kchrichton0@google.com.br,Female,10/27/1979
2,Irma,Khomin,ikhomin1@newyorker.com,Female,5/26/2000
3,Zaria,Dewes,zdewes2@ucoz.com,Female,6/3/1973
4,Robbyn,Sambles,rsambles3@google.com.au,Female,4/5/1974
5,Emlyn,Sawer,esawer4@toplist.cz,Female,7/28/2008
6,Ashlin,Tregenza,atregenza5@geocities.com,Male,5/31/1999
7,Noach,Dominicacci,ndominicacci6@artisteer.com,Male,10/4/1984
8,Walliw,Hallford,whallford7@nature.com,Non-binary,3/4/2001
9,Pace,Barwick,pbarwick8@nydailynews.com,Male,5/21/1971
10,Bessy,Abrami,babrami9@go.com,Female,2/7/1994
11,Glenden,McCarver,gmccarvera@disqus.com,Male,4/16/2010
12,Meara,Primo,mprimob@pagesperso-orange.fr,Female,2/20/1992
13,Barbe,Yeoland,byeolandc@tiny.cc,Female,10/24/1992
14,Collete,Frushard,cfrushardd@about.com,Non-binary,7/24/1993
15,Laurena,Larwell,llarwelle@slate.com,Female,4/7/1996
16,Lainey,Klimkowski,lklimkowskif@parallels.com,Female,1/18/1979
17,Ulberto,Ladell,uladellg@google.com.hk,Male,6/24/1971
18,Ogden,Swansborough,oswansboroughh@businesswire.com,Male,8/26/1977
19,Osmond,Tuberfield,otuberfieldi@washington.edu,Male,9/23/2007
20,Elizabeth,Burgise,eburgisej@livejournal.com,Female,4/17/1999
21,Gladys,Evetts,gevettsk@live.com,Female,3/16/2009
22,Vivie,Hutcheon,vhutcheonl@upenn.edu,Female,8/10/2008
23,Lyn,Goodey,lgoodeym@yahoo.co.jp,Male,11/19/1991
24,Danielle,Lydon,dlydonn@oaic.gov.au,Female,12/14/2009
25,Isidora,Pitherick,ipithericko@multiply.com,Female,8/2/1973
26,Bernice,Hanaford,bhanafordp@cisco.com,Female,7/8/1993
27,Isabella,Karlsson,ikarlssonq@mashable.com,Female,9/11/1971
28,Moses,Downgate,mdowngater@wikia.com,Male,3/30/2004
29,Grantley,Denziloe,gdenziloes@oaic.gov.au,Male,1/12/2001
30,Merrill,Hirth,mhirtht@acquirethisname.com,Male,5/2/1981
31,Etti,Blandamore,eblandamoreu@wufoo.com,Female,8/18/1981
32,Shell,Gummoe,sgummoev@google.it,Male,1/5/2004
33,Nathalia,Tesyro,ntesyrow@sciencedaily.com,Female,8/27/2000
34,Corinne,Cloonan,ccloonanx@biblegateway.com,Female,7/3/1991
35,Elvis,Inold,einoldy@washingtonpost.com,Male,12/18/1998
36,Jean,Ricket,jricketz@ed.gov,Male,1/5/1991
37,Edith,Malkie,emalkie10@cyberchimps.com,Female,7/13/1981
38,Rog,Fideler,rfideler11@prlog.org,Male,8/26/2008
39,Kleon,Maasze,kmaasze12@ovh.net,Male,12/8/2008
40,Lanny,Chiles,lchiles13@loc.gov,Male,7/27/2000
41,Querida,Verrell,qverrell14@google.co.uk,Female,3/15/1984
42,Beryle,Inglesent,binglesent15@discuz.net,Female,2/26/1995
43,Benedick,Luberti,bluberti16@economist.com,Male,4/3/1990
44,Dael,Durrance,ddurrance17@qq.com,Male,3/4/1985
45,Loella,Durrand,ldurrand18@stanford.edu,Female,6/18/2008
46,Guy,Edgeworth,gedgeworth19@ft.com,Male,11/23/2007
47,Alister,Braycotton,abraycotton1a@dyndns.org,Male,11/30/2000
48,Virginia,Snellman,vsnellman1b@boston.com,Female,8/2/1984
49,Wiley,Leverich,wleverich1c@cpanel.net,Male,5/24/1971
50,Riccardo,Danielsohn,rdanielsohn1d@noaa.gov,Male,5/16/2007
51,Peggi,Beazey,pbeazey1e@wufoo.com,Female,7/24/1989
52,Myra,Barnet,mbarnet1f@fc2.com,Female,10/17/1976
53,Giacopo,Soans,gsoans1g@constantcontact.com,Male,10/10/1962
54,Bucky,Millership,bmillership1h@flickr.com,Male,9/3/1988
55,Jennifer,Poundsford,jpoundsford1i@miitbeian.gov.cn,Non-binary,3/30/1981
56,Kelcie,Ranson,kranson1j@netlog.com,Female,10/27/1987
57,Drucy,Cossom,dcossom1k@apple.com,Female,3/26/2001
58,Conrade,Fouldes,cfouldes1l@wp.com,Male,8/14/1973
59,Weston,Hanbridge,whanbridge1m@alibaba.com,Male,4/30/1992
60,Benedick,Drennan,bdrennan1n@yahoo.co.jp,Male,2/18/1995
61,Elsinore,Matushenko,ematushenko1o@netlog.com,Female,3/29/1972
62,Susi,O'Donnell,sodonnell1p@vinaora.com,Female,2/17/1962
63,Latrina,Gauthorpp,lgauthorpp1q@goo.ne.jp,Female,7/19/1984
64,Reagan,Freen,rfreen1r@columbia.edu,Male,11/11/1968
65,Maisie,Delacourt,mdelacourt1s@java.com,Female,11/21/1999
66,Kinna,Van Giffen,kvangiffen1t@upenn.edu,Female,6/12/1974
67,Philis,Abramin,pabramin1u@dagondesign.com,Female,6/2/1975
68,Blaire,Apperley,bapperley1v@geocities.com,Female,9/24/2002
69,Boothe,Gallemore,bgallemore1w@flavors.me,Male,2/20/1995
70,Julissa,Swayland,jswayland1x@xinhuanet.com,Female,10/17/2003
71,Camel,Pleass,cpleass1y@stumbleupon.com,Female,12/9/1999
72,Birch,Gatlin,bgatlin1z@bbc.co.uk,Male,8/19/1991
73,Giraud,Bodicum,gbodicum20@paypal.com,Male,11/17/2007
74,Hendrick,Worley,hworley21@xrea.com,Male,7/23/1983
75,Rodge,Kee,rkee22@wikispaces.com,Male,4/9/2005
76,Oswell,Audry,oaudry23@symantec.com,Male,3/1/1970
77,Ennis,Bjerkan,ebjerkan24@phoca.cz,Male,4/19/1968
78,Kellina,Mullaly,kmullaly25@hhs.gov,Female,10/28/1964
79,Brandice,Barniss,bbarniss26@aboutads.info,Female,11/5/1973
80,Rollins,Butting,rbutting27@nyu.edu,Male,7/20/1985
81,Nell,Naish,nnaish28@youtube.com,Female,10/22/1979
82,Casie,Dell'Abbate,cdellabbate29@va.gov,Female,11/18/1967
83,Evelyn,Althorp,ealthorp2a@wikipedia.org,Non-binary,5/26/2004
84,Christoffer,Bethune,cbethune2b@si.edu,Male,11/10/1988
85,Engracia,Camps,ecamps2c@bloglovin.com,Female,7/27/1978
86,Goddard,Gatchel,ggatchel2d@comsenz.com,Male,4/25/1998
87,Afton,Friedlos,afriedlos2e@mayoclinic.com,Non-binary,10/22/1983
88,Araldo,Grosvener,agrosvener2f@posterous.com,Male,11/5/1982
89,Link,Greg,lgreg2g@dedecms.com,Non-binary,8/10/1965
90,Ree,Caramuscia,rcaramuscia2h@gnu.org,Female,10/5/1997
91,Riley,Ewbanke,rewbanke2i@artisteer.com,Male,9/2/1967
92,Jaymee,Bucknall,jbucknall2j@bloomberg.com,Female,5/17/1985
93,Aura,Cornhill,acornhill2k@dagondesign.com,Female,6/4/1983
94,Hilarius,Joburn,hjoburn2l@purevolume.com,Male,12/8/1980
95,Tripp,Chasemoore,tchasemoore2m@pinterest.com,Non-binary,7/9/1996
96,Mikael,Shenfisch,mshenfisch2n@quantcast.com,Male,11/15/2007
97,Sayre,Francomb,sfrancomb2o@about.me,Male,11/6/1964
98,Wolfgang,Goligly,wgoligly2p@privacy.gov.au,Male,7/9/1980
99,Wilburt,Olenov,wolenov2q@examiner.com,Non-binary,9/2/1967
100,Elbertina,Snelgar,esnelgar2r@woothemes.com,Female,1/7/1970
101,Sinclair,Seven,sseven2s@taobao.com,Male,3/17/1986
102,Adriane,Godbehere,agodbehere2t@google.com.br,Female,1/30/2007
103,Anestassia,Tolchar,atolchar2u@uol.com.br,Female,4/10/1984
104,Skelly,Boffin,sboffin2v@google.com.au,Non-binary,1/19/1993
105,Teador,Cuckoo,tcuckoo2w@hao123.com,Non-binary,9/21/2007
106,Rhetta,Anstead,ranstead2x@linkedin.com,Female,7/2/1986
107,Cletis,Halmkin,chalmkin2y@gravatar.com,Male,6/11/1971
108,Sheba,Drayton,sdrayton2z@phoca.cz,Female,12/23/1978
109,Edy,Andrez,eandrez30@dion.ne.jp,Female,1/3/1978
110,Carson,Simmon,csimmon31@booking.com,Male,1/20/1984
111,Halimeda,Durrett,hdurrett32@addtoany.com,Female,10/2/1971
112,Skyler,Bawcock,sbawcock33@naver.com,Male,11/2/1964
113,Obadias,Bonhill,obonhill34@domainmarket.com,Male,1/29/1971
114,Kathy,Cicconettii,kcicconettii35@sohu.com,Non-binary,2/9/2005
115,Avrom,Blankenship,ablankenship36@ftc.gov,Male,4/30/2001
116,Karney,Hinchcliffe,khinchcliffe37@biglobe.ne.jp,Male,3/5/1989
117,Marcelo,Greenough,mgreenough38@indiegogo.com,Male,5/30/1997
118,Lottie,Midner,lmidner39@goo.gl,Female,3/21/2005
119,Bernelle,Furse,bfurse3a@flickr.com,Female,12/24/1990
120,Orazio,Delph,odelph3b@google.pl,Male,3/4/1977
121,Tymothy,Bussell,tbussell3c@pagesperso-orange.fr,Non-binary,7/23/1997
122,Ivar,Abramin,iabramin3d@mashable.com,Male,1/3/1995
123,Iggy,Lettsom,ilettsom3e@booking.com,Male,5/6/1980
124,Karoly,Gunstone,kgunstone3f@howstuffworks.com,Male,6/9/1991
125,Mohandis,Waby,mwaby3g@multiply.com,Male,3/23/1998
126,Sauncho,Vayne,svayne3h@youtube.com,Male,10/5/1990
127,Orlando,Hakonsson,ohakonsson3i@csmonitor.com,Male,1/13/1981
128,Juana,Meininger,jmeininger3j@bravesites.com,Female,1/12/1996
129,Kacy,Marrison,kmarrison3k@imgur.com,Female,12/25/1979
130,Bastian,O'Donovan,bodonovan3l@goo.ne.jp,Male,5/15/2005
131,Chauncey,Fulloway,cfulloway3m@google.fr,Male,6/17/1991
132,Anita,Latimer,alatimer3n@zimbio.com,Female,4/7/1991
133,Frazier,Matyashev,fmatyashev3o@oaic.gov.au,Male,5/30/1990
134,Poul,Aslett,paslett3p@feedburner.com,Male,4/7/2004
135,Haley,Lurner,hlurner3q@nasa.gov,Male,1/6/1997
136,Vick,Boarder,vboarder3r@yolasite.com,Male,6/6/1998
137,Muhammad,Ryan,mryan3s@chronoengine.com,Male,8/11/1989
138,Basia,Vescovini,bvescovini3t@ibm.com,Female,11/28/2001
139,Jobey,Lehenmann,jlehenmann3u@dailymail.co.uk,Female,12/16/1995
140,Sharla,Cane,scane3v@quantcast.com,Female,9/24/1974
141,Hildegaard,Scrannage,hscrannage3w@wp.com,Female,11/29/1989
142,Rivkah,Harbinson,rharbinson3x@123-reg.co.uk,Female,11/6/1991
143,Nelson,Skurm,nskurm3y@yahoo.co.jp,Male,2/18/1996
144,Dolley,Ghelerdini,dghelerdini3z@flickr.com,Female,8/23/2007
145,Guglielma,Leveritt,gleveritt40@timesonline.co.uk,Female,8/21/1973
146,Brigit,Heyworth,bheyworth41@house.gov,Female,4/17/1975
147,Elisa,Clacson,eclacson42@kickstarter.com,Female,11/8/1982
148,Ross,Lanfranchi,rlanfranchi43@seesaa.net,Male,9/13/1994
149,Omar,Laird,olaird44@constantcontact.com,Male,10/30/2002
150,Modestine,Howbrook,mhowbrook45@bbc.co.uk,Non-binary,9/17/2005
151,Nicoline,Petteford,npetteford46@fema.gov,Female,9/25/1964
152,Isabelita,Mallebone,imallebone47@cornell.edu,Female,8/28/1975
153,Chaddy,Kilday,ckilday48@storify.com,Male,4/18/1973
154,Arvin,Druhan,adruhan49@lulu.com,Male,6/14/1976
155,Celle,Allum,callum4a@furl.net,Female,6/6/1961
156,Amy,Oldacres,aoldacres4b@last.fm,Female,6/5/1994
157,Cahra,Enderle,cenderle4c@youku.com,Female,5/4/1981
158,Porty,Neaves,pneaves4d@eventbrite.com,Male,12/17/2004
159,Aharon,Tomes,atomes4e@pbs.org,Male,6/4/1982
160,Chandler,Whartonby,cwhartonby4f@yellowbook.com,Male,11/14/2002
161,Franky,Gurling,fgurling4g@biglobe.ne.jp,Male,8/31/1979
162,Juliana,Eastment,jeastment4h@sfgate.com,Female,4/30/1964
163,Raphaela,De Vaux,rdevaux4i@technorati.com,Female,5/22/1971
164,Caren,Tallow,ctallow4j@google.pl,Female,1/23/1988
165,Garreth,Francescozzi,gfrancescozzi4k@cpanel.net,Male,5/9/1978
166,Drucie,Baldock,dbaldock4l@google.nl,Female,4/14/1963
167,Itch,O'Crevy,iocrevy4m@1688.com,Male,9/7/2003
168,Broderic,Schohier,bschohier4n@va.gov,Male,4/28/1981
169,Eydie,McDonogh,emcdonogh4o@merriam-webster.com,Non-binary,10/13/1983
170,Clarisse,Parram,cparram4p@edublogs.org,Non-binary,3/30/1976
171,Daisey,Shailer,dshailer4q@salon.com,Female,3/4/2004
172,Jamill,Keedy,jkeedy4r@live.com,Male,1/3/1992
173,Baxie,Wasson,bwasson4s@gnu.org,Non-binary,5/7/1963
174,Griswold,Brownsey,gbrownsey4t@foxnews.com,Non-binary,5/7/2001
175,Gwen,Espada,gespada4u@ezinearticles.com,Female,10/22/1974
176,Thurston,Traise,ttraise4v@bbb.org,Male,10/8/1998
177,Kelley,Ornils,kornils4w@un.org,Female,6/30/1973
178,Elroy,McIlwain,emcilwain4x@typepad.com,Male,6/25/1995
179,Leese,Bunton,lbunton4y@amazon.co.jp,Non-binary,10/7/1982
180,Floris,Duffell,fduffell4z@com.com,Female,12/1/2004
181,Bryna,Bennington,bbennington50@i2i.jp,Non-binary,1/13/1991
182,Anthea,Forth,aforth51@qq.com,Female,10/2/1987
183,Emile,Ruecastle,eruecastle52@cbc.ca,Male,7/3/2002
184,Charlena,Golt,cgolt53@elegantthemes.com,Non-binary,6/14/1999
185,Marillin,Acheson,macheson54@house.gov,Female,11/7/2008
186,Bernelle,Scoggins,bscoggins55@npr.org,Non-binary,1/20/1976
187,Fabien,Bullard,fbullard56@dailymail.co.uk,Male,11/25/1992
188,Wendi,O'Shee,woshee57@miitbeian.gov.cn,Female,8/19/1971
189,Charin,Erskine Sandys,cerskinesandys58@yelp.com,Female,10/31/1985
190,Renault,Bridgens,rbridgens59@miitbeian.gov.cn,Male,9/20/1992
191,Jody,Caddell,jcaddell5a@tinyurl.com,Male,8/21/1986
192,Mirabelle,Millis,mmillis5b@taobao.com,Female,4/28/1999
193,Melany,Biddwell,mbiddwell5c@ed.gov,Female,6/3/1980
194,Selig,Petofi,spetofi5d@dot.gov,Male,10/10/1983
195,Sosanna,Posner,sposner5e@1und1.de,Non-binary,9/6/1972
196,Adina,Whimp,awhimp5f@apple.com,Female,12/24/1981
197,Kennedy,Rafferty,krafferty5g@digg.com,Non-binary,7/30/1991
198,Myrtle,Motten,mmotten5h@sohu.com,Female,8/11/1967
199,Lida,Haddy,lhaddy5i@hubpages.com,Non-binary,10/4/1970
200,Giustino,Sharplin,gsharplin5j@cdc.gov,Male,10/31/1984
201,Farr,Cashford,fcashford5k@mit.edu,Male,10/8/1967
202,Addie,Doud,adoud5l@hugedomains.com,Female,11/24/1980
203,Alleyn,Jiranek,ajiranek5m@ucla.edu,Male,5/2/1978
204,Marie-jeanne,Rowan,mrowan5n@ucla.edu,Female,9/29/1982
205,Cathe,Javes,cjaves5o@amazon.co.jp,Female,4/23/2003
206,Cristie,Ferryman,cferryman5p@wp.com,Female,2/18/1962
207,Siouxie,Clerke,sclerke5q@apache.org,Female,2/22/2002
208,Boot,Grantham,bgrantham5r@japanpost.jp,Male,6/16/2001
209,Nikki,Tice,ntice5s@wikipedia.org,Non-binary,8/27/1989
210,Lilli,Tipper,ltipper5t@zimbio.com,Female,10/23/1984
211,Lanie,Wixon,lwixon5u@yellowbook.com,Male,7/22/1971
212,Brand,Sparshatt,bsparshatt5v@princeton.edu,Male,2/21/1994
213,Frankie,Jaggli,fjaggli5w@newyorker.com,Female,5/7/2005
214,Percy,Ickov,pickov5x@columbia.edu,Male,11/12/1986
215,Madison,Maylin,mmaylin5y@cisco.com,Male,4/21/1987
216,Francyne,Bownes,fbownes5z@auda.org.au,Female,5/4/1970
217,Freddy,Cleland,fcleland60@t.co,Male,10/16/1984
218,Bax,Tagg,btagg61@pen.io,Male,4/9/1981
219,Madelene,Dring,mdring62@tinypic.com,Female,8/25/1982
220,Xylina,Crosham,xcrosham63@example.com,Female,1/21/1984
221,Pavla,Brittoner,pbrittoner64@usatoday.com,Female,8/26/2009
222,Lyle,Dudek,ldudek65@gnu.org,Male,5/25/2001
223,Pennie,Chalfain,pchalfain66@businessweek.com,Male,6/12/1984
224,Gilemette,Matschoss,gmatschoss67@google.co.jp,Female,10/27/1983
225,Kelly,Volkers,kvolkers68@admin.ch,Male,5/27/1988
226,Gil,Birley,gbirley69@amazon.de,Male,9/13/1986
227,Janaya,Harpham,jharpham6a@a8.net,Non-binary,10/31/1973
228,Quintin,Camacke,qcamacke6b@nps.gov,Male,3/21/1975
229,Everett,Witty,ewitty6c@arstechnica.com,Male,6/26/1978
230,Peterus,Drewe,pdrewe6d@feedburner.com,Male,2/2/1973
231,Brod,Randals,brandals6e@meetup.com,Male,6/6/2007
232,Ashley,Voase,avoase6f@nsw.gov.au,Male,11/13/1976
233,Ardelia,Compson,acompson6g@bluehost.com,Female,6/10/2009
234,Mufi,Kirk,mkirk6h@facebook.com,Non-binary,6/12/1982
235,Ester,Keohane,ekeohane6i@cbsnews.com,Female,2/11/1973
236,Gabriello,Maryon,gmaryon6j@washingtonpost.com,Male,10/29/2008
237,Bealle,Sappy,bsappy6k@prweb.com,Male,2/8/1984
238,Sutherland,Dufore,sdufore6l@amazonaws.com,Male,1/14/1981
239,Papageno,Sherwin,psherwin6m@canalblog.com,Male,6/6/1994
240,Kirsteni,Renshaw,krenshaw6n@accuweather.com,Female,3/5/1983
241,Lock,Huntingford,lhuntingford6o@shinystat.com,Male,8/30/1998
242,Ned,McColley,nmccolley6p@deviantart.com,Male,7/12/1983
243,Torrie,Jewiss,tjewiss6q@usnews.com,Female,4/3/1970
244,Paul,Izatt,pizatt6r@google.com,Male,2/28/2010
245,Lyell,Godball,lgodball6s@ovh.net,Male,5/20/1979
246,Garth,Merrisson,gmerrisson6t@nba.com,Male,2/22/1975
247,Cortie,Winser,cwinser6u@xing.com,Male,6/4/1976
248,Doralia,Glason,dglason6v@nsw.gov.au,Female,7/21/1989
249,Brewer,Ody,body6w@dion.ne.jp,Male,2/28/1972
250,Kevin,Taffs,ktaffs6x@dailymotion.com,Male,9/28/2008
251,Calida,Blakeslee,cblakeslee6y@woothemes.com,Female,11/27/2002
252,Andonis,Laister,alaister6z@upenn.edu,Male,7/30/1983
253,Nat,Hunnawill,nhunnawill70@symantec.com,Male,7/28/1981
254,Pate,De la Zenne,pdelazenne71@usatoday.com,Male,8/25/2008
255,Pattin,Cochern,pcochern72@histats.com,Male,10/4/1989
256,Briana,Neely,bneely73@ed.gov,Female,3/28/1994
257,Ferrel,Fusedale,ffusedale74@bloomberg.com,Male,2/7/1961
258,Estrella,Springle,espringle75@goodreads.com,Female,1/28/1966
259,Hercules,Blues,hblues76@163.com,Male,10/3/1986
260,Howie,King,hking77@twitter.com,Male,8/11/1991
261,Pierce,Girsch,pgirsch78@home.pl,Male,5/8/1985
262,Jeanelle,Bascombe,jbascombe79@1und1.de,Female,11/16/2005
263,Rutherford,Mithun,rmithun7a@squidoo.com,Male,2/13/2010
264,Nobie,Hugett,nhugett7b@naver.com,Male,11/27/1989
265,Fernandina,Gosby,fgosby7c@theatlantic.com,Female,10/6/1977
266,Marysa,McGahy,mmcgahy7d@cloudflare.com,Female,9/11/1970
267,Devina,MacAne,dmacane7e@bloglines.com,Female,2/1/2007
268,Louie,Furse,lfurse7f@ihg.com,Male,9/22/1996
269,Hermann,MacDiarmid,hmacdiarmid7g@nbcnews.com,Male,1/21/1965
270,Nappie,Ferrer,nferrer7h@hexun.com,Male,3/12/1976
271,Legra,Longson,llongson7i@youtube.com,Female,2/26/1990
272,Fairlie,Hammatt,fhammatt7j@goo.gl,Non-binary,2/22/1986
273,Bern,Aslett,baslett7k@uiuc.edu,Male,8/7/1997
274,Caron,Jozaitis,cjozaitis7l@t.co,Female,6/12/2003
275,Dorri,McGready,dmcgready7m@google.ru,Female,2/9/2002
276,Dinnie,Hadland,dhadland7n@google.ca,Female,3/1/1976
277,Honor,Buckles,hbuckles7o@google.nl,Female,7/19/1976
278,Lucia,Kulvear,lkulvear7p@qq.com,Female,4/24/1995
279,Edita,Trodler,etrodler7q@naver.com,Female,11/25/1975
280,Briny,Yoselevitch,byoselevitch7r@psu.edu,Female,10/30/1971
281,Zuzana,Straughan,zstraughan7s@indiatimes.com,Female,2/29/1976
282,Worthington,Costigan,wcostigan7t@telegraph.co.uk,Non-binary,9/17/1976
283,Marinna,Newbury,mnewbury7u@jalbum.net,Female,8/23/2004
284,Jamie,Pattingson,jpattingson7v@archive.org,Female,5/18/1972
285,Leonanie,Mattussevich,lmattussevich7w@microsoft.com,Non-binary,1/31/2004
286,Kayla,Benedicto,kbenedicto7x@shareasale.com,Female,4/29/2005
287,Roda,Emilien,remilien7y@zdnet.com,Female,8/3/1986
288,Rustie,Treswell,rtreswell7z@imageshack.us,Non-binary,6/13/1989
289,Ebony,Duncombe,eduncombe80@webs.com,Non-binary,1/5/2000
290,Staci,Wawer,swawer81@bigcartel.com,Female,11/21/1998
291,Hugh,Garstan,hgarstan82@yandex.ru,Male,8/11/1970
292,Kimbra,Westraw,kwestraw83@webeden.co.uk,Non-binary,9/30/1991
293,Gareth,Bende,gbende84@liveinternet.ru,Male,5/1/1991
294,Amandy,Bradane,abradane85@microsoft.com,Female,10/21/2005
295,Zacharia,Goodliffe,zgoodliffe86@netvibes.com,Male,12/25/1980
296,Ely,Nowak,enowak87@fotki.com,Non-binary,12/25/1994
297,Katina,Wylder,kwylder88@pagesperso-orange.fr,Female,10/5/1997
298,Spike,Summerskill,ssummerskill89@tinyurl.com,Male,4/5/2002
299,Gert,Birkwood,gbirkwood8a@dot.gov,Female,8/15/2003
300,Marmaduke,Bertram,mbertram8b@hc360.com,Male,6/10/1994
301,Alexander,Crowcher,acrowcher8c@hubpages.com,Male,8/20/1995
302,Titus,Kidgell,tkidgell8d@wikimedia.org,Male,3/31/1992
303,Mariel,Charpling,mcharpling8e@chron.com,Female,10/5/1961
304,Elayne,Nolleth,enolleth8f@elegantthemes.com,Female,1/14/1994
305,Isa,Salandino,isalandino8g@diigo.com,Female,10/11/1986
306,Row,Andreasson,randreasson8h@facebook.com,Female,10/9/1968
307,Kellyann,Coners,kconers8i@weibo.com,Female,10/21/1996
308,Erick,Carmel,ecarmel8j@phoca.cz,Male,3/26/1994
309,Rebecca,Kunz,rkunz8k@slate.com,Female,4/5/1967
310,Justine,Fenlon,jfenlon8l@exblog.jp,Female,4/30/1998
311,Pepillo,Copper,pcopper8m@blinklist.com,Male,7/25/2008
312,Johnette,Satch,jsatch8n@scientificamerican.com,Female,1/17/1988
313,Cristal,Whittington,cwhittington8o@twitpic.com,Female,4/21/2007
314,Neal,Matthewes,nmatthewes8p@vimeo.com,Male,8/10/1963
315,Devina,Wogdon,dwogdon8q@berkeley.edu,Non-binary,11/20/1990
316,Annadiane,Eke,aeke8r@cbslocal.com,Female,3/3/1994
317,Pet,Vondrach,pvondrach8s@auda.org.au,Female,9/23/1999
318,Jenna,Bernadot,jbernadot8t@woothemes.com,Female,6/27/1963
319,Skelly,Caltun,scaltun8u@rediff.com,Male,2/21/1993
320,Bibi,Hing,bhing8v@lycos.com,Female,2/8/2003
321,Roderich,Japp,rjapp8w@opera.com,Male,11/6/1987
322,Berne,Witcomb,bwitcomb8x@e-recht24.de,Male,3/31/1987
323,Conway,Wallbridge,cwallbridge8y@indiegogo.com,Male,4/18/1981
324,Gerri,Arrell,garrell8z@weibo.com,Female,7/14/1963
325,Guillaume,Carlisle,gcarlisle90@blogspot.com,Male,6/23/1965
326,Ford,Chelnam,fchelnam91@oakley.com,Male,11/28/1999
327,Antone,Brimmicombe,abrimmicombe92@indiatimes.com,Male,4/9/2007
328,Ulises,Domek,udomek93@thetimes.co.uk,Male,5/9/1967
329,Mordy,Heims,mheims94@usnews.com,Male,2/25/1961
330,Bertine,Herrieven,bherrieven95@paginegialle.it,Female,11/28/1969
331,Lacy,Millmoe,lmillmoe96@china.com.cn,Female,4/24/1962
332,Ignace,Kopec,ikopec97@hhs.gov,Male,2/7/1986
333,Nelli,Nend,nnend98@imdb.com,Female,6/19/1996
334,Shellie,Livingston,slivingston99@seesaa.net,Non-binary,2/8/1982
335,Kingsley,Fresson,kfresson9a@creativecommons.org,Non-binary,11/10/1997
336,Kleon,Thody,kthody9b@alibaba.com,Male,12/12/1997
337,Myer,Hewell,mhewell9c@networkadvertising.org,Male,12/10/1971
338,Felike,Steffens,fsteffens9d@alexa.com,Male,8/3/1997
339,Rolf,Try,rtry9e@google.cn,Male,1/10/2003
340,Sheila-kathryn,Ridewood,sridewood9f@cornell.edu,Female,7/2/1971
341,Saundra,Phython,sphython9g@studiopress.com,Male,10/6/1971
342,Leyla,Durand,ldurand9h@tinypic.com,Female,11/22/1999
343,Alvinia,Shilston,ashilston9i@blogger.com,Non-binary,6/10/1991
344,Mace,Rabley,mrabley9j@rakuten.co.jp,Male,1/27/1987
345,Quincey,Bearsmore,qbearsmore9k@etsy.com,Male,10/22/1994
346,Carma,Bolingbroke,cbolingbroke9l@photobucket.com,Female,9/22/2002
347,Yurik,Pietri,ypietri9m@chron.com,Non-binary,12/17/1962
348,Win,Lummus,wlummus9n@nature.com,Male,7/12/1974
349,Kynthia,Scathard,kscathard9o@prlog.org,Female,5/12/2002
350,Babette,Quinell,bquinell9p@twitter.com,Female,7/4/2009
351,Jean,Lillie,jlillie9q@japanpost.jp,Male,4/9/2001
352,Maurita,Lillee,mlillee9r@wufoo.com,Female,4/2/1965
353,Hildagard,Critchley,hcritchley9s@usnews.com,Female,10/21/2008
354,Gustave,Bulled,gbulled9t@oaic.gov.au,Male,4/17/1994
355,Kial,Clandillon,kclandillon9u@aboutads.info,Female,7/18/2007
356,Quintilla,Aynold,qaynold9v@lulu.com,Female,8/11/1991
357,Keri,Boustred,kboustred9w@sogou.com,Female,11/9/1968
358,Christoforo,Siddens,csiddens9x@state.tx.us,Male,11/27/1969
359,Rudiger,Abethell,rabethell9y@histats.com,Male,9/16/1995
360,Delmer,Heynel,dheynel9z@accuweather.com,Male,7/10/1965
361,Oates,Vise,ovisea0@dropbox.com,Male,12/17/1972
362,Hervey,Gonnin,hgonnina1@nhs.uk,Male,8/5/2004
363,Nan,Gerardi,ngerardia2@scribd.com,Female,4/14/1994
364,Berget,De Dantesie,bdedantesiea3@pinterest.com,Female,3/25/1988
365,Vergil,Bareham,vbarehama4@diigo.com,Male,10/2/1989
366,Evvy,Curwen,ecurwena5@etsy.com,Female,10/9/1972
367,Jennilee,McLachlan,jmclachlana6@trellian.com,Female,7/11/1994
368,Madel,Orchard,morcharda7@scientificamerican.com,Female,5/23/1994
369,Winifred,Sampson,wsampsona8@tinyurl.com,Female,7/28/1985
370,Junette,Schlagman,jschlagmana9@4shared.com,Female,4/19/2005
371,Emelda,Bathowe,ebathoweaa@friendfeed.com,Female,7/25/1963
372,Buckie,Ritchley,britchleyab@techcrunch.com,Male,2/22/1979
373,Mendy,Wallage,mwallageac@nih.gov,Male,5/9/1961
374,Lonna,Ducker,lduckerad@ameblo.jp,Female,6/21/1989
375,Rogerio,Kettlewell,rkettlewellae@etsy.com,Male,6/7/1997
376,Bale,Yakovliv,byakovlivaf@bloglovin.com,Male,9/20/1967
377,Tully,Cowpe,tcowpeag@nbcnews.com,Non-binary,1/30/1987
378,Shelia,Legendre,slegendreah@pbs.org,Female,7/12/1986
379,Catherine,Bowdery,cbowderyai@lulu.com,Female,7/8/1972
380,Bryant,Julian,bjulianaj@mysql.com,Male,10/23/1971
381,Klara,Sleney,ksleneyak@histats.com,Non-binary,6/21/1975
382,Jennie,Larimer,jlarimeral@usa.gov,Female,1/10/1972
383,Gael,Curmi,gcurmiam@g.co,Female,1/12/2005
384,Shoshana,Cripwell,scripwellan@hatena.ne.jp,Female,3/4/2007
385,Hill,Fero,hferoao@biglobe.ne.jp,Male,3/26/1970
386,Garner,Stamper,gstamperap@hatena.ne.jp,Male,8/10/1973
387,Frederich,Proom,fproomaq@google.pl,Male,6/28/1992
388,Ray,Toye,rtoyear@netvibes.com,Female,4/17/2009
389,Trix,Sloyan,tsloyanas@mayoclinic.com,Female,9/29/2005
390,Caitlin,Olczak,colczakat@tuttocitta.it,Non-binary,6/10/1985
391,Gerhardine,McCreery,gmccreeryau@altervista.org,Female,2/10/1973
392,Shaine,Vidloc,svidlocav@wisc.edu,Female,9/21/2004
393,Shellysheldon,Durling,sdurlingaw@apache.org,Male,7/15/1974
394,Crissy,Pfeffel,cpfeffelax@amazon.de,Female,12/8/2004
395,Hillary,Neilus,hneilusay@rambler.ru,Male,7/27/1993
396,Isis,Bridal,ibridalaz@indiegogo.com,Female,6/11/1994
397,Kalindi,McCrohon,kmccrohonb0@spiegel.de,Female,12/3/1963
398,Andria,Tarney,atarneyb1@bing.com,Female,8/16/1980
399,Koenraad,Cashford,kcashfordb2@blogs.com,Male,6/2/1992
400,Alberto,Maddaford,amaddafordb3@opensource.org,Male,8/15/1962
